{"stats":{"minecraft:dropped":{"minecraft:water_bucket":1,"minecraft:blaze_rod":1,"minecraft:cocoa_beans":21,"minecraft:ender_pearl":2,"minecraft:bowl":2,"minecraft:coal":72,"minecraft:dirt":16,"minecraft:wither_rose":1,"minecraft:wooden_pickaxe":1},"minecraft:custom":{"minecraft:interact_with_furnace":2,"minecraft:mob_kills":8,"minecraft:interact_with_crafting_table":11,"minecraft:open_barrel":1,"minecraft:leave_game":1,"minecraft:time_since_death":18,"minecraft:damage_resisted":1179,"minecraft:climb_one_cm":4849,"minecraft:time_since_rest":38,"minecraft:walk_one_cm":191563,"minecraft:sprint_one_cm":184825,"minecraft:damage_taken":4251,"minecraft:damage_absorbed":1991,"minecraft:damage_blocked_by_shield":85,"minecraft:drop":10,"minecraft:damage_dealt":1894,"minecraft:swim_one_cm":102906,"minecraft:fly_one_cm":331985,"minecraft:open_chest":2,"minecraft:crouch_one_cm":7762,"minecraft:play_time":92748,"minecraft:deaths":8,"minecraft:sneak_time":2838,"minecraft:walk_under_water_one_cm":23128,"minecraft:boat_one_cm":235702,"minecraft:jump":1364,"minecraft:walk_on_water_one_cm":33867,"minecraft:total_world_time":92748,"minecraft:fall_one_cm":92765},"minecraft:killed_by":{"minecraft:zombie":1,"witherstormmod:wither_storm":1},"minecraft:mined":{"minecraft:white_bed":1,"minecraft:crafting_table":1,"minecraft:grass_block":2,"minecraft:fire":13,"minecraft:grass":2,"minecraft:oak_log":14,"minecraft:cocoa":9,"minecraft:dirt":1,"minecraft:sand":2,"minecraft:stone":8,"minecraft:oak_leaves":6},"minecraft:killed":{"minecraft:zombie":1,"minecraft:blaze":4,"minecraft:enderman":2},"minecraft:crafted":{"minecraft:oak_door":3,"minecraft:oak_planks":56,"minecraft:coal":576,"minecraft:crafting_table":2,"minecraft:furnace":1,"minecraft:oak_boat":1,"minecraft:stick":12},"minecraft:picked_up":{"minecraft:cocoa_beans":21,"minecraft:crafting_table":1,"minecraft:water_bucket":1,"minecraft:diamond_sword":1,"minecraft:wooden_pickaxe":2,"minecraft:wither_rose":1,"minecraft:mushroom_stew":2,"minecraft:oak_log":17,"minecraft:shield":1,"minecraft:wither_skeleton_skull":1,"minecraft:dirt":22,"minecraft:bow":1,"minecraft:diamond_leggings":1,"minecraft:oak_boat":1,"minecraft:diamond_helmet":1,"minecraft:enchanted_golden_apple":192,"minecraft:coal_block":64,"minecraft:diamond_hoe":1,"witherstormmod:formidibomb":1,"minecraft:stone":384,"minecraft:bowl":2,"minecraft:enderman_spawn_egg":64,"minecraft:sand":31,"minecraft:white_bed":1,"witherstormmod:firework_bundle":11,"minecraft:arrow":192,"minecraft:diamond_shovel":1,"minecraft:diamond_chestplate":1,"minecraft:diamond_boots":1,"minecraft:diamond_axe":1,"witherstormmod:phasometer":1,"minecraft:blaze_rod":1,"minecraft:diamond_pickaxe":1,"minecraft:cobblestone":58,"minecraft:ender_pearl":2},"minecraft:used":{"minecraft:water_bucket":20,"minecraft:diamond_boots":1,"minecraft:wither_skeleton_skull":1,"minecraft:flint_and_steel":47,"minecraft:shield":5,"minecraft:stone":119,"minecraft:diamond_axe":26,"witherstormmod:phasometer":30,"minecraft:oak_door":2,"minecraft:crafting_table":2,"minecraft:mushroom_stew":2,"witherstormmod:formidibomb":1,"minecraft:diamond_helmet":1,"minecraft:white_bed":1,"minecraft:enderman_spawn_egg":11,"minecraft:diamond_pickaxe":8,"minecraft:diamond_shovel":5,"minecraft:diamond_chestplate":1,"minecraft:diamond_sword":66,"minecraft:bow":77,"minecraft:furnace":1,"minecraft:bucket":20,"witherstormmod:firework_bundle":11,"minecraft:oak_boat":2,"minecraft:enchanted_golden_apple":30,"minecraft:diamond_leggings":1},"minecraft:broken":{"minecraft:diamond_sword":1}},"DataVersion":3465}