{"stats":{"minecraft:dropped":{"minecraft:water_bucket":1,"minecraft:wheat_seeds":3,"minecraft:diamond_axe":2,"witherstormmod:formidibomb":1,"minecraft:diamond_hoe":1,"minecraft:diamond_leggings":1,"minecraft:cobblestone":21,"minecraft:rotten_flesh":5,"minecraft:enchanted_golden_apple":192,"minecraft:diamond_shovel":1,"minecraft:enderman_spawn_egg":64,"minecraft:coal_block":64,"minecraft:mushroom_stew":2,"minecraft:gold_block":1,"minecraft:diamond_sword":1,"minecraft:dirt":2,"minecraft:grass":1,"minecraft:stone":384,"minecraft:shield":1,"minecraft:diamond_chestplate":1,"minecraft:diamond_pickaxe":1,"minecraft:oak_sapling":1,"minecraft:diamond_helmet":1,"witherstormmod:phasometer":1,"minecraft:gold_nugget":3,"minecraft:diamond_boots":1,"minecraft:arrow":192,"minecraft:bow":1,"minecraft:wooden_pickaxe":1,"minecraft:string":2,"minecraft:netherrack":1,"witherstormmod:firework_bundle":11},"minecraft:custom":{"minecraft:mob_kills":32,"minecraft:interact_with_crafting_table":3,"minecraft:open_barrel":2,"minecraft:leave_game":3,"minecraft:time_since_death":3425,"minecraft:climb_one_cm":4550,"minecraft:damage_resisted":1483,"minecraft:time_since_rest":3458,"minecraft:sprint_one_cm":120799,"minecraft:walk_one_cm":192150,"minecraft:damage_taken":9933,"minecraft:damage_absorbed":1210,"minecraft:damage_blocked_by_shield":401,"minecraft:drop":55,"minecraft:damage_dealt":6390,"minecraft:swim_one_cm":2297,"minecraft:fly_one_cm":677600,"minecraft:open_chest":2,"minecraft:crouch_one_cm":14521,"minecraft:play_time":96816,"minecraft:deaths":12,"minecraft:sneak_time":4383,"minecraft:walk_under_water_one_cm":13877,"minecraft:boat_one_cm":235060,"minecraft:jump":2150,"minecraft:walk_on_water_one_cm":11903,"minecraft:total_world_time":96816,"minecraft:fall_one_cm":114390},"minecraft:killed_by":{"witherstormmod:wither_storm":4},"minecraft:mined":{"minecraft:jungle_leaves":1,"minecraft:crafting_table":4,"minecraft:tall_grass":1,"minecraft:fire":6,"minecraft:gold_block":1,"minecraft:grass":11,"minecraft:oak_log":5,"minecraft:sand":37,"minecraft:dirt":2,"minecraft:wither_skeleton_skull":2,"minecraft:stone":8,"minecraft:netherrack":1,"minecraft:oak_leaves":2},"minecraft:killed":{"minecraft:zombified_piglin":8,"minecraft:spider":1,"minecraft:skeleton":1,"minecraft:zombie":3,"minecraft:wither_skeleton":1,"minecraft:enderman":4,"minecraft:blaze":14},"minecraft:crafted":{"minecraft:wooden_sword":1,"minecraft:oak_planks":20,"minecraft:crafting_table":1,"minecraft:wooden_pickaxe":1,"minecraft:blaze_powder":12,"minecraft:bowl":4,"minecraft:oak_boat":1,"minecraft:stick":4},"minecraft:picked_up":{"minecraft:crafting_table":4,"minecraft:gold_block":1,"minecraft:packed_mud":1,"minecraft:oak_log":5,"minecraft:wither_skeleton_skull":1,"minecraft:dirt":2,"minecraft:string":2,"minecraft:bone":6,"minecraft:wheat_seeds":4,"minecraft:gold_nugget":3,"minecraft:oak_boat":1,"minecraft:bamboo":2,"minecraft:sand":47,"minecraft:stone_sword":1,"minecraft:rotten_flesh":5,"minecraft:granite":16,"minecraft:oak_sapling":1,"minecraft:blaze_rod":6,"minecraft:netherrack":1,"minecraft:coal":10,"minecraft:cobblestone":42,"minecraft:ender_pearl":4},"minecraft:used":{"minecraft:water_bucket":10,"minecraft:writable_book":1,"minecraft:flint_and_steel":206,"minecraft:wither_skeleton_skull":1,"minecraft:shield":20,"minecraft:stone":320,"minecraft:diamond_axe":1,"witherstormmod:phasometer":31,"minecraft:sand":24,"minecraft:crafting_table":4,"minecraft:mushroom_stew":2,"witherstormmod:formidibomb":41,"minecraft:obsidian":172,"minecraft:diamond_pickaxe":11,"minecraft:lava_bucket":60,"minecraft:diamond_shovel":18,"minecraft:grass_block":2,"minecraft:wooden_sword":3,"minecraft:diamond_sword":109,"minecraft:bow":35,"minecraft:bucket":17,"witherstormmod:firework_bundle":195,"minecraft:oak_boat":2,"minecraft:enchanted_golden_apple":23},"minecraft:broken":{"minecraft:flint_and_steel":1}},"DataVersion":3465}